{
  "project_info": {
    "project_number": "564067431656",
    "project_id": "capstone1-90872",
    "storage_bucket": "capstone1-90872.appspot.com"
  },
  "client": [
    {
      "client_info": {
        "mobilesdk_app_id": "1:564067431656:android:c44d14feb5bec1efd3855d",
        "android_client_info": {
          "package_name": "com.example.capstone"
        }
      },
      "oauth_client": [],
      "api_key": [
        {
          "current_key": "AIzaSyD3C0e1FcDiXDLBJ9Cl6lnEFfW0waSoA7M"
        }
      ],
      "services": {
        "appinvite_service": {
          "other_platform_oauth_client": []
        }
      }
    }
  ],
  "configuration_version": "1"
}